Sample Name	COSMIC_ID	Cancer Type (matching TCGA label)	CCLE name
A253	906794	NA	A253_SALIVARY_GLAND
BB30-HNC	753531	HNSC	NA
BB49-HNC	753532	HNSC	NA
BHY	753535	HNSC	N/A
BICR10	1290724	HNSC	NA
BICR22	1240121	HNSC	N/A
BICR31	1290725	HNSC	N/A
BICR78	1240122	HNSC	NA
Ca9-22	753538	HNSC	NA
CAL-27	910916	HNSC	CAL27_UPPER_AERODIGESTIVE_TRACT
CAL-33	753541	HNSC	N/A
Detroit562	906837	HNSC	DETROIT562_UPPER_AERODIGESTIVE_TRACT
DOK	910936	HNSC	NA
FADU	906863	HNSC	FADU_UPPER_AERODIGESTIVE_TRACT
H3118	1240140	NA	NA
HN	907059	HNSC	NA
HO-1-N-1	924111	HNSC	NA
HO-1-u-1	753561	HNSC	NA
HSC-2	753562	HNSC	HSC2_UPPER_AERODIGESTIVE_TRACT
HSC-3	907061	HNSC	N/A
HSC-4	907062	HNSC	N/A
JHU-011	1240161	HNSC	NA
JHU-022	1240162	HNSC	NA
KON	1298215	HNSC	NA
KOSC-2	753570	HNSC	NA
LB771-HNC	753583	HNSC	NA
OSC-19	1298362	HNSC	NA
OSC-20	1240196	HNSC	NA
PCI-15A	1240204	HNSC	NA
PCI-30	1298529	HNSC	NA
PCI-38	1240205	HNSC	NA
PCI-4B	1298531	HNSC	NA
PCI-6A	1240206	HNSC	NA
PE/CA-PJ15	1240207	HNSC	N/A
RPMI-2650	909700	HNSC	NA
SAS	909708	HNSC	NA
SAT	1299050	HNSC	NA
SCC-15	910911	HNSC	NA
SCC-25	910701	HNSC	SCC25_UPPER_AERODIGESTIVE_TRACT
SCC-4	910904	HNSC	N/A
SCC-9	909709	HNSC	SCC9_UPPER_AERODIGESTIVE_TRACT
SKN-3	1299059	HNSC	NA
COLO-680N	906817	ESCA	N/A
EC-GI-10	753555	ESCA	N/A
ESO26	1503366	ESCA	NA
ESO51	1503367	ESCA	NA
FLO-1	1503361	ESCA	NA
HCE-4	753559	ESCA	NA
KYAE-1	1503368	ESCA	NA
KYSE-140	753573	ESCA	KYSE140_OESOPHAGUS
KYSE-150	907317	ESCA	KYSE150_OESOPHAGUS
KYSE-180	907318	ESCA	KYSE180_OESOPHAGUS
KYSE-220	1240167	ESCA	NA
KYSE-270	907319	ESCA	NA
KYSE-410	753574	ESCA	KYSE410_OESOPHAGUS
KYSE-450	907320	ESCA	KYSE450_OESOPHAGUS
KYSE-50	1298222	ESCA	NA
KYSE-510	907321	ESCA	KYSE510_OESOPHAGUS
KYSE-520	753575	ESCA	KYSE520_OESOPHAGUS
KYSE-70	753576	ESCA	KYSE70_OESOPHAGUS
OACM5-1	1503363	ESCA	NA
OACp4C	1503362	ESCA	NA
OE19	910079	ESCA	N/A
OE21	1298359	ESCA	OE21_OESOPHAGUS
OE33	910549	ESCA	OE33_OESOPHAGUS
SK-GT-4	1503365	ESCA	NA
TE-1	753621	ESCA	TE1_OESOPHAGUS
TE-10	753622	ESCA	N/A
TE-11	946354	ESCA	TE11_OESOPHAGUS
TE-12	946356	ESCA	NA
TE-15	753614	ESCA	TE15_OESOPHAGUS
TE-4	1503371	ESCA	N/A
TE-5	735784	ESCA	TE5_OESOPHAGUS
TE-6	946355	ESCA	TE617T_SOFT_TISSUE
TE-8	753623	ESCA	N/A
TE-9	946353	ESCA	TE9_OESOPHAGUS
T-T	1299064	ESCA	NA
CESS	910688	LAML	NA
CTV-1	753548	LAML	NA
GDM-1	906870	LAML	NA
HEL	907053	LAML	HEL9217_HAEMATOPOIETIC_AND_LYMPHOID_TISSUE
HL-60	905938	LAML	NA
KASUMI-1	907275	LAML	NA
KG-1	907278	LAML	KG1_HAEMATOPOIETIC_AND_LYMPHOID_TISSUE
KMOE-2	907280	LAML	NA
ME-1	1330942	LAML	NA
ML-2	908141	LAML	NA
MOLM-13	1330947	LAML	NA
MONO-MAC-6	908148	LAML	NA
NKM-1	908448	LAML	NA
NOMO-1	908451	LAML	NA
OCI-AML2	910947	LAML	OCIAML2_HAEMATOPOIETIC_AND_LYMPHOID_TISSUE
OCI-AML3	1290455	LAML	NA
OCI-AML5	1330983	LAML	OCIAML5_HAEMATOPOIETIC_AND_LYMPHOID_TISSUE
OCI-M1	1330985	LAML	NA
P31-FUJ	909253	LAML	P31FUJ_HAEMATOPOIETIC_AND_LYMPHOID_TISSUE
PL-21	1330991	LAML	NA
QIMR-WIL	910545	LAML	NA
SIG-M5	909715	LAML	SIGM5_HAEMATOPOIETIC_AND_LYMPHOID_TISSUE
THP-1	909771	LAML	NA
KARPAS-299	907273	NA	KARPAS299_HAEMATOPOIETIC_AND_LYMPHOID_TISSUE
SU-DHL-1	909742	NA	NA
SUP-M2	1331040	NA	SUPM2_HAEMATOPOIETIC_AND_LYMPHOID_TISSUE
BALL-1	910705	NA	NA
KARPAS-231	1327774	NA	NA
KOPN-8	1330933	NA	NA
MHH-CALL-2	908132	NA	NA
MHH-PREB-1	908136	NA	NA
MN-60	908143	NA	NA
NALM-6	908158	NA	NA
RCH-ACV	1330994	NA	NA
REH	909696	NA	REH_HAEMATOPOIETIC_AND_LYMPHOID_TISSUE
ROS-50	1331025	NA	NA
SUP-B8	910209	NA	NA
U-698-M	909777	NA	NA
A3-KAW	910935	DLBC	NA
A4-Fuk	910934	DLBC	NA
BC-1	910919	DLBC	NA
CRO-AP2	906807	DLBC	NA
CTB-1	949088	DLBC	NA
DB	906832	DLBC	NA
DOHH-2	906842	DLBC	DOHH2_HAEMATOPOIETIC_AND_LYMPHOID_TISSUE
Farage	1297449	DLBC	NA
GRANTA-519	1303897	DLBC	GRANTA519_HAEMATOPOIETIC_AND_LYMPHOID_TISSUE
JEKO-1	1327765	DLBC	NA
JSC-1	1327769	DLBC	NA
KARPAS-1106P	1327773	DLBC	NA
KARPAS-422	907274	DLBC	KARPAS422_HAEMATOPOIETIC_AND_LYMPHOID_TISSUE
MC116	907799	DLBC	MC116_HAEMATOPOIETIC_AND_LYMPHOID_TISSUE
NU-DUL-1	1330982	DLBC	NA
OCI-LY-19	1330984	DLBC	NA
RC-K8	1330995	DLBC	NA
RL	910861	DLBC	NA
SCC-3	910930	DLBC	NA
SLVL	1331032	DLBC	NA
SU-DHL-10	1331033	DLBC	SUDHL10_HAEMATOPOIETIC_AND_LYMPHOID_TISSUE
SU-DHL-16	1331034	DLBC	NA
SU-DHL-4	1331035	DLBC	SUDHL4_HAEMATOPOIETIC_AND_LYMPHOID_TISSUE
SU-DHL-5	1331036	DLBC	NA
SU-DHL-6	1331037	DLBC	SUDHL6_HAEMATOPOIETIC_AND_LYMPHOID_TISSUE
SU-DHL-8	1331038	DLBC	SUDHL8_HAEMATOPOIETIC_AND_LYMPHOID_TISSUE
TK	1331045	DLBC	NA
TUR	909773	DLBC	NA
VAL	1331048	DLBC	NA
WSU-DLCL2	1331050	DLBC	NA
BL-41	910706	NA	BL41_HAEMATOPOIETIC_AND_LYMPHOID_TISSUE
CA46	910703	NA	NA
Daudi	906831	NA	NA
DG-75	906838	NA	NA
EB2	906846	NA	EB2_HAEMATOPOIETIC_AND_LYMPHOID_TISSUE
EB-3	906847	NA	NA
GA-10	1303896	NA	NA
JiyoyeP-2003	907268	NA	NA
NAMALWA	908159	NA	NA
P32-ISH	1330987	NA	NA
Raji	909262	NA	RAJI_HAEMATOPOIETIC_AND_LYMPHOID_TISSUE
Ramos-2G6-4C10	910401	NA	NA
ST486	910906	NA	NA
BV-173	910710	LCML	NA
CML-T1	910951	LCML	N/A
EM-2	906855	LCML	EM2_HAEMATOPOIETIC_AND_LYMPHOID_TISSUE
JURL-MK1	1327771	LCML	NA
K-562	905940	LCML	NA
KCL-22	1330931	LCML	KCL22_HAEMATOPOIETIC_AND_LYMPHOID_TISSUE
KU812	907311	LCML	KU812_HAEMATOPOIETIC_AND_LYMPHOID_TISSUE
LAMA-84	907783	LCML	N/A
MEG-01	908126	LCML	MEG01_HAEMATOPOIETIC_AND_LYMPHOID_TISSUE
RPMI-8866	910544	LCML	NA
AMO-1	1295741	MM	AMO1_HAEMATOPOIETIC_AND_LYMPHOID_TISSUE
EoL-1-cell	906856	NA	NA
JJN-3	1327766	MM	NA
KARPAS-620	1327775	MM	KARPAS620_HAEMATOPOIETIC_AND_LYMPHOID_TISSUE
MC-CAR	683665	MM	NA
SKM-1	909722	NA	NA
HC-1	907044	NA	NA
MLMA	908142	NA	NA
Mo-T	908149	NA	NA
HDLM-2	924110	NA	NA
HD-MY-Z	907050	NA	HDMYZ_HAEMATOPOIETIC_AND_LYMPHOID_TISSUE
Hs-445	1322218	NA	NA
KM-H2	909976	NA	NA
L-1236	1330935	NA	NA
L-428	907322	NA	L428_HAEMATOPOIETIC_AND_LYMPHOID_TISSUE
L-540	907323	NA	NA
RPMI-6666	909701	NA	NA
SUP-HD1	1331039	NA	NA
KY821	907300	LAML	NA
MV-4-11	908156	NA	NA
RS4-11	909703	ALL	NA
697	906800	NA	697_HAEMATOPOIETIC_AND_LYMPHOID_TISSUE
ALL-PO	910944	ALL	NA
BE-13	906763	ALL	NA
CCRF-CEM	905952	ALL	NA
GR-ST	906877	ALL	NA
HAL-01	949153	ALL	NA
KARPAS-45	907272	ALL	NA
KE-37	907277	ALL	NA
LC4-1	907787	ALL	NA
MOLT-4	905958	ALL	NA
P30-OHK	909252	ALL	NA
SUP-B15	1247871	ALL	NA
ATN-1	910687	ALL	NA
LOUCY	907789	ALL	NA
MOLT-13	908146	ALL	NA
MOLT-16	908147	ALL	MOLT16_HAEMATOPOIETIC_AND_LYMPHOID_TISSUE
P12-ICHIKAWA	909251	ALL	P12ICHIKAWA_HAEMATOPOIETIC_AND_LYMPHOID_TISSUE
PF-382	909260	ALL	NA
RPMI-8402	909702	ALL	RPMI8402_HAEMATOPOIETIC_AND_LYMPHOID_TISSUE
SUP-T1	909743	ALL	SUPT1_HAEMATOPOIETIC_AND_LYMPHOID_TISSUE
DEL	906836	NA	DEL_HAEMATOPOIETIC_AND_LYMPHOID_TISSUE
EHEB	906854	CLL	NA
EJM	1297447	MM	NA
H9	907043	NA	NA
JVM-2	907269	CLL	N/A
JVM-3	907270	CLL	JVM3_HAEMATOPOIETIC_AND_LYMPHOID_TISSUE
SR	905965	NA	NA
WIL2-NS	1331049	NA	NA
WSU-NHL	909785	NA	NA
YT	946358	ALL	NA
ARH-77	906765	MM	NA
IM-9	753563	MM	NA
KMS-12-BM	907281	MM	KMS12BM_HAEMATOPOIETIC_AND_LYMPHOID_TISSUE
L-363	924239	MM	L363_HAEMATOPOIETIC_AND_LYMPHOID_TISSUE
LP-1	907791	MM	LP1_HAEMATOPOIETIC_AND_LYMPHOID_TISSUE
MM1S	1659818	MM	NA
MOLP-8	1330950	MM	MOLP8_HAEMATOPOIETIC_AND_LYMPHOID_TISSUE
NCI-H929	724825	MM	NA
OPM-2	909249	MM	OPM2_HAEMATOPOIETIC_AND_LYMPHOID_TISSUE
RPMI-8226	905964	MM	NA
SK-MM-2	753612	MM	SKMM2_HAEMATOPOIETIC_AND_LYMPHOID_TISSUE
U-266	753615	MM	NA
ALL-SIL	1295740	ALL	ALLSIL_HAEMATOPOIETIC_AND_LYMPHOID_TISSUE
DND-41	1297446	ALL	NA
HH	907056	NA	HH_HAEMATOPOIETIC_AND_LYMPHOID_TISSUE
Jurkat	998184	ALL	JURKAT_HAEMATOPOIETIC_AND_LYMPHOID_TISSUE
CS1	1290795	NA	NA
SJSA-1	909717	NA	SJSA1_BONE
CAL-78	1290765	NA	CAL78_BONE
CHSA8926	1303912	NA	NA
H-EMC-SS	907290	NA	NA
CADO-ES1	753539	NA	N/A
ES1	949158	NA	NA
ES3	684055	NA	NA
ES4	949156	NA	NA
ES5	684057	NA	NA
ES7	684059	NA	NA
ES8	949155	NA	NA
EW-1	949163	NA	NA
EW-11	684062	NA	NA
EW-12	949162	NA	NA
EW-13	949166	NA	NA
EW-16	949165	NA	NA
EW-18	949164	NA	NA
EW-22	949167	NA	NA
EW-24	949168	NA	NA
EW-3	949161	NA	NA
EW-7	949160	NA	NA
SK-ES-1	684072	NA	SKES1_BONE
SK-PN-DW	909731	NA	NA
TC-71	1240221	NA	TC71_BONE
CAL-72	906827	NA	NA
G-292 Clone A141B1	1290807	NA	N/A
HOS	907060	NA	HOS_BONE
HuO-3N1	909977	NA	NA
HuO9	907072	NA	NA
MG-63	908131	NA	MG63_BONE
NOS-1	925345	NA	NA
NY	910849	NA	NA
Saos-2	909707	NA	SAOS2_BONE
U-2-OS	909776	NA	U2OS_BONE
AU565	910704	BRCA	AU565_BREAST
BT-20	906801	BRCA	BT20_BREAST
BT-474	946359	BRCA	BT474_BREAST
BT-483	949093	BRCA	NA
BT-549	905951	BRCA	BT549_BREAST
CAL-120	906826	BRCA	N/A
CAL-148	924106	BRCA	N/A
CAL-51	910927	BRCA	N/A
CAL-85-1	910852	BRCA	CAL851_BREAST
CAMA-1	946382	BRCA	CAMA1_BREAST
COLO-824	906812	BRCA	NA
DU-4475	906844	BRCA	NA
EFM-19	906851	BRCA	EFM19_BREAST
EFM-192A	1290798	BRCA	N/A
EVSA-T	906862	BRCA	NA
HCC1143	749710	BRCA	N/A
HCC1187	749711	BRCA	HCC1187_BREAST
HCC1395	749712	BRCA	HCC1395_BREAST
HCC1419	907045	BRCA	N/A
HCC1428	1290905	BRCA	N/A
HCC1500	1303900	BRCA	N/A
HCC1569	907046	BRCA	HCC1569_BREAST
HCC1599	749713	BRCA	NA
HCC1806	907047	NA	HCC1806_BREAST
HCC1937	749714	BRCA	N/A
HCC1954	749709	BRCA	HCC1954_BREAST
HCC202	1290906	BRCA	N/A
HCC2157	749715	BRCA	NA
HCC2218	749716	BRCA	NA
HCC38	749717	BRCA	N/A
HCC70	907048	BRCA	HCC70_BREAST
HDQ-P1	1290922	BRCA	HDQP1_BREAST
Hs-578-T	905957	BRCA	HS578T_BREAST
MCF7	905946	BRCA	MCF7_BREAST
MDA-MB-157	925338	BRCA	MDAMB157_BREAST
MDA-MB-231	905960	BRCA	N/A
MDA-MB-330	1330941	BRCA	NA
MDA-MB-361	908121	BRCA	N/A
MDA-MB-415	924240	BRCA	MDAMB415_BREAST
MDA-MB-436	1240172	BRCA	MDAMB436_BREAST
MDA-MB-453	908122	BRCA	MDAMB453_BREAST
MDA-MB-468	908123	BRCA	MDAMB468_BREAST
MFM-223	910948	BRCA	NA
MRK-nu-1	908151	BRCA	NA
OCUB-M	909256	BRCA	NA
T47D	905945	BRCA	T47D_BREAST
UACC-812	910910	BRCA	UACC812_BREAST
UACC-893	909778	BRCA	NA
ZR-75-30	909907	BRCA	ZR7530_BREAST
EGI-1	906853	NA	NA
ETK-1	906861	NA	NA
HuCCT1	907069	NA	HUCCT1_BILIARY_TRACT
TGBC1TKB	909769	NA	NA
TGBC24TKB	910695	NA	NA
HUTU-80	907073	NA	NA
C2BBe1	910700	COAD/READ	C2BBE1_LARGE_INTESTINE
CaR-1	924108	COAD/READ	NA
CCK-81	1240123	COAD/READ	CCK81_LARGE_INTESTINE
CL-11	1290769	COAD/READ	N/A
CL-40	1240124	COAD/READ	NA
COLO-205	905961	COAD/READ	COLO205_LARGE_INTESTINE
COLO-320-HSR	910569	COAD/READ	COLO320_LARGE_INTESTINE
COLO-678	910689	COAD/READ	COLO678_LARGE_INTESTINE
CW-2	910554	COAD/READ	N/A
GP5d	907291	COAD/READ	NA
HCC2998	905971	COAD/READ	NA
HCC-56	1290907	COAD/READ	HCC56_LARGE_INTESTINE
HCT-116	905936	COAD/READ	HCT116_LARGE_INTESTINE
HCT-15	905937	COAD/READ	HCT15_LARGE_INTESTINE
HT-115	907289	COAD/READ	N/A
HT-29	905939	COAD/READ	HT29_LARGE_INTESTINE
HT55	907287	COAD/READ	N/A
KM12	905989	COAD/READ	N/A
LoVo	907790	COAD/READ	N/A
LS-1034	917486	COAD/READ	N/A
LS-123	907792	COAD/READ	LS123_LARGE_INTESTINE
LS-180	998189	COAD/READ	N/A
LS-411N	907794	COAD/READ	LS411N_LARGE_INTESTINE
LS-513	907795	COAD/READ	LS513_LARGE_INTESTINE
MDST8	1240173	COAD/READ	N/A
NCI-H630	908482	COAD/READ	NA
NCI-H716	908458	COAD/READ	NA
NCI-H747	908457	COAD/READ	NCIH747_LARGE_INTESTINE
RCM-1	909263	COAD/READ	N/A
RKO	909698	COAD/READ	RKO_LARGE_INTESTINE
SK-CO-1	909718	COAD/READ	SKCO1_LARGE_INTESTINE
SNU-1040	1659823	COAD/READ	N/A
SNU-175	1659928	COAD/READ	NA
SNU-407	1660034	COAD/READ	N/A
SNU-61	1660035	COAD/READ	N/A
SNU-81	1660036	COAD/READ	N/A
SNU-C1	910905	COAD/READ	NA
SNU-C2B	909740	COAD/READ	SNUC2B_LARGE_INTESTINE
SNU-C5	1674021	COAD/READ	N/A
SW1116	909746	COAD/READ	N/A
SW1417	909747	COAD/READ	SW1417_LARGE_INTESTINE
SW1463	909748	COAD/READ	N/A
SW48	909751	COAD/READ	SW48_LARGE_INTESTINE
SW837	909755	COAD/READ	N/A
SW948	909757	COAD/READ	N/A
T84	909761	COAD/READ	T84_LARGE_INTESTINE
C3A	910850	LIHC	C3A_LIVER
Hep 3B2_1-7	1240147	LIHC	N/A
HLE	907057	LIHC	HLE_LIVER
huH-1	1298146	LIHC	HUH1_LIVER
HuH-7	907071	LIHC	NA
JHH-1	1298151	LIHC	N/A
JHH-6	1240159	LIHC	JHH6_LIVER
JHH-7	1240160	LIHC	JHH7_LIVER
SK-HEP-1	909719	LIHC	SKHEP1_LIVER
SNU-182	1240216	LIHC	SNU182_LIVER
SNU-387	909736	LIHC	SNU387_LIVER
SNU-398	1240217	LIHC	SNU398_LIVER
SNU-423	909737	LIHC	SNU423_LIVER
SNU-449	909738	LIHC	SNU449_LIVER
SNU-475	909739	LIHC	SNU475_LIVER
23132-87	910924	STAD	N/A
AGS	906790	STAD	N/A
ECC10	906848	NA	N/A
ECC12	906849	NA	N/A
FU97	1290806	STAD	FU97_STOMACH
GCIY	906869	STAD	GCIY_STOMACH
GT3TKB	907041	STAD	NA
HGC-27	907055	STAD	HGC27_STOMACH
Hs746T	1240151	STAD	HS746T_STOMACH
HSC-39	1322224	STAD	NA
IM-95	1240155	STAD	IM95_STOMACH
KATOIII	907276	STAD	NA
MKN1	908138	NA	N/A
MKN28	908139	STAD	NA
MKN45	925340	STAD	MKN45_STOMACH
MKN7	924250	STAD	MKN7_STOMACH
NCI-N87	908461	STAD	NCIN87_STOMACH
NCI-SNU-1	908444	STAD	NA
NCI-SNU-16	908446	STAD	NA
NCI-SNU-5	908445	STAD	NA
NUGC-3	908455	STAD	NUGC3_STOMACH
NUGC-4	1298357	STAD	NUGC4_STOMACH
OCUM-1	1298358	STAD	OCUM1_STOMACH
RERF-GC-1B	1240209	STAD	RERFGC1B_STOMACH
RF-48	909697	STAD	NA
SCH	909711	NA	NA
SK-GT-2	1503364	STAD	NA
TGBC11TKB	909770	STAD	NA
SW13	909744	ACC	SW1353_BONE
769-P	910922	KIRC	769P_KIDNEY
786-0	905947	KIRC	786O_KIDNEY
A498	905948	KIRC	N/A
A704	910920	KIRC	NA
ACHN	905950	KIRC	ACHN_KIDNEY
BB65-RCC	753533	KIRC	NA
BFTC-909	910698	KIRC	BFTC909_KIDNEY
CAKI-1	905963	KIRC	N/A
CAL-54	910952	KIRC	N/A
G-401	907299	NA	G401_SOFT_TISSUE
HA7-RCC	753558	KIRC	NA
KMRC-1	1298168	KIRC	KMRC1_KIDNEY
KMRC-20	1298169	KIRC	KMRC2_KIDNEY
LB1047-RCC	753577	KIRC	NA
LB2241-RCC	753578	KIRC	NA
LB996-RCC	753585	KIRC	NA
NCC010	1509073	KIRC	NA
NCC021	1509074	KIRC	NA
OS-RC-2	909250	KIRC	N/A
RCC10RGB	909974	KIRC	N/A
RCC-AB	1524418	KIRC	NA
RCC-ER	1524417	KIRC	NA
RCC-FG2	1524414	KIRC	NA
RCC-JW	1524416	KIRC	NA
RCC-MF	1524419	KIRC	NA
RXF393	905978	KIRC	NA
SN12C	905979	KIRC	NA
TK10	905980	KIRC	NA
U031	905981	KIRC	NA
VMRC-RCZ	909781	KIRC	VMRCRCZ_KIDNEY
201T	1287381	LUAD	NA
A549	905949	LUAD	A549_LUNG
ABC-1	906791	LUAD	NA
Calu-3	687777	LUAD	CALU3_LUNG
Calu-6	724859	LUAD	CALU6_LUNG
COR-L105	906805	LUAD	CORL105_LUNG
EKVX	905970	LUAD	N/A
EMC-BAC-1	1503369	LUAD	NA
EMC-BAC-2	1503370	LUAD	NA
H3255	1247873	LUAD	NA
HCC-44	1240145	LUAD	HCC44_LUNG
HCC-78	1290908	LUAD	HCC78_LUNG
HCC-827	1240146	LUAD	HCC827_LUNG
LC-2-ad	907786	LUAD	NA
LXF-289	753592	LUAD	N/A
NCI-H1355	724866	LUAD	NCIH1355_LUNG
NCI-H1395	684681	LUAD	N/A
NCI-H1435	1298347	LUAD	N/A
NCI-H1563	753600	LUAD	NCIH1563_LUNG
NCI-H1568	1298348	LUAD	NCIH1568_LUNG
NCI-H1573	908472	LUAD	NCIH1573_LUNG
NCI-H1623	687798	LUAD	N/A
NCI-H1648	687799	LUAD	NCIH1648_LUNG
NCI-H1650	687800	LUAD	NCIH1650_LUNG
NCI-H1651	910900	LUAD	NCIH1651_LUNG
NCI-H1666	908473	LUAD	NCIH1666_LUNG
NCI-H1693	687802	LUAD	NCIH1693_LUNG
NCI-H1703	908474	NA	NCIH1703_LUNG
NCI-H1734	722058	LUAD	N/A
NCI-H1755	908475	LUAD	N/A
NCI-H1781	1298350	LUAD	N/A
NCI-H1792	724868	LUAD	NCIH1792_LUNG
NCI-H1793	908463	LUAD	NCIH1793_LUNG
NCI-H1838	687807	LUAD	N/A
NCI-H1944	1240185	LUAD	NCIH1944_LUNG
NCI-H1975	924244	LUAD	NCIH1975_LUNG
NCI-H1993	908476	LUAD	NA
NCI-H2009	724873	LUAD	NCIH2009_LUNG
NCI-H2023	1240187	LUAD	NCIH2023_LUNG
NCI-H2030	722045	LUAD	NCIH2030_LUNG
NCI-H2085	687812	LUAD	NCIH2085_LUNG
NCI-H2087	724834	LUAD	NCIH2087_LUNG
NCI-H2122	722046	LUAD	NCIH2122_LUNG
NCI-H2228	687816	LUAD	NCIH2228_LUNG
NCI-H2291	724874	LUAD	N/A
NCI-H23	905942	LUAD	NCIH23_LUNG
NCI-H2342	687819	LUAD	N/A
NCI-H2347	687820	LUAD	NA
NCI-H2405	687821	LUAD	N/A
NCI-H292	753604	NA	N/A
NCI-H3122	1240190	LUAD	NA
NCI-H322M	905967	LUAD	NCIH322_LUNG
NCI-H358	908465	LUAD	NCIH358_LUNG
NCI-H441	908460	LUAD	NCIH441_LUNG
NCI-H522	905944	LUAD	NCIH522_LUNG
NCI-H596	908459	NA	N/A
NCI-H650	722066	LUAD	NCIH650_LUNG
NCI-H838	910399	LUAD	N/A
PC-14	753608	LUAD	PC14_LUNG
RERF-LC-KJ	1298537	LUAD	NA
RERF-LC-MS	910931	LUAD	RERFLCMS_LUNG
SK-LU-1	909721	LUAD	SKLU1_LUNG
SW1573	724878	LUAD	SW1573_LUNG
NCI-H720	687600	NA	NA
NCI-H727	724855	NA	NCIH727_LUNG
NCI-H835	753607	NA	NA
UMC-11	909779	NA	NA
COR-L23	687780	NA	CORL23_LUNG
HOP-92	905973	NA	N/A
IA-LM	910779	NA	IALM_LUNG
LCLC-103H	753586	NA	LCLC103H_LUNG
LCLC-97TM1	946361	NA	N/A
LU-65	724863	NA	NA
LU-99A	907796	NA	LU99_LUNG
NCI-H1155	908467	NA	NCIH1155_LUNG
NCI-H1299	724831	NA	NCIH1299_LUNG
NCI-H1581	908471	NA	NCIH1581_LUNG
NCI-H1915	1240184	NA	NCIH1915_LUNG
NCI-H661	687829	NA	NCIH661_LUNG
NCI-H810	925341	NA	NCIH810_LUNG
A427	910851	UNABLE TO CLASSIFY	NA
BEN	753534	UNABLE TO CLASSIFY	N/A
CAL-12T	753540	UNABLE TO CLASSIFY	CAL12T_LUNG
ChaGo-K-1	687596	UNABLE TO CLASSIFY	N/A
HCC-366	1240144	NA	N/A
NCI-H1770	687804	UNABLE TO CLASSIFY	NA
NCI-H2110	1298351	UNABLE TO CLASSIFY	N/A
NCI-H2135	1298352	UNABLE TO CLASSIFY	NA
NCI-H2172	1298353	UNABLE TO CLASSIFY	NCIH2172_LUNG
NCI-H2444	1298356	UNABLE TO CLASSIFY	NCIH2444_LUNG
NCI-H647	1240191	NA	NCIH647_LUNG
EBC-1	753554	LUSC	EBC1_LUNG
EPLC-272H	753556	LUSC	N/A
HARA	1240142	LUSC	HARA_LUNG
HCC-15	1240143	LUSC	HCC15_LUNG
KNS-62	753569	LUSC	KNS62_LUNG
LC-1-sq	1298223	LUSC	LC1SQSF_LUNG
LK-2	687787	LUSC	N/A
LOU-NH91	1298226	LUSC	LOUNH91_LUNG
NCI-H1869	1240183	LUSC	NCIH1869_LUNG
NCI-H2170	687815	LUSC	NCIH2170_LUNG
NCI-H226	905941	LUSC	NCIH226_LUNG
NCI-H520	908443	LUSC	NCIH520_LUNG
RERF-LC-Sq1	1298538	LUSC	NA
SK-MES-1	909728	LUSC	SKMES1_LUNG
SW900	724879	LUSC	SW900_LUNG
COR-L321	1322213	UNABLE TO CLASSIFY	NA
COLO-668	910692	SCLC	N/A
COR-L279	910937	SCLC	NA
COR-L303	1297438	SCLC	NA
COR-L311	687980	SCLC	NA
COR-L32	1322212	SCLC	NA
COR-L88	906808	SCLC	NA
CPC-N	753547	SCLC	NA
DMS-114	687983	SCLC	DMS114_LUNG
DMS-273	687985	SCLC	N/A
DMS-53	907295	SCLC	N/A
IST-SL1	753564	SCLC	NA
IST-SL2	753565	SCLC	NA
LB647-SCLC	753582	SCLC	NA
LU-134-A	753588	SCLC	NA
LU-135	713899	SCLC	NA
LU-139	713878	SCLC	NA
LU-165	753589	SCLC	NA
MS-1	753594	SCLC	NA
NCI-H1048	687995	SCLC	NCIH1048_LUNG
NCI-H1092	687997	SCLC	NCIH1092_LUNG
NCI-H1105	908468	SCLC	NA
NCI-H1341	1330964	SCLC	NCIH1341_LUNG
NCI-H1417	688001	SCLC	NA
NCI-H1436	908469	SCLC	NA
NCI-H146	910899	SCLC	NA
NCI-H1688	1298349	SCLC	NA
NCI-H1694	688006	SCLC	NCIH1694_LUNG
NCI-H1836	1240182	SCLC	NA
NCI-H187	688007	SCLC	NA
NCI-H1876	1330972	SCLC	NA
NCI-H196	1240186	SCLC	N/A
NCI-H1963	688010	SCLC	NA
NCI-H2029	688011	SCLC	N/A
NCI-H2066	1330973	SCLC	NA
NCI-H209	688013	SCLC	NA
NCI-H211	1240189	SCLC	NCIH211_LUNG
NCI-H2141	688014	SCLC	NA
NCI-H2196	908481	SCLC	N/A
NCI-H2227	688018	SCLC	NA
NCI-H250	924241	SCLC	NA
NCI-H345	688021	SCLC	NA
NCI-H378	688022	SCLC	NA
NCI-H446	688023	SCLC	N/A
NCI-H510A	753605	SCLC	NA
NCI-H524	908483	SCLC	NA
NCI-H526	688025	SCLC	NA
NCI-H64	688026	SCLC	NA
NCI-H69	688027	SCLC	N/A
NCI-H748	909194	SCLC	NA
NCI-H82	688031	SCLC	NA
NCI-H841	1240192	SCLC	N/A
NCI-H847	1240193	SCLC	NA
SBC-1	713885	SCLC	NA
SBC-3	753610	SCLC	NA
SBC-5	713880	SCLC	SBC5_LUNG
H2369	1290808	MESO	NA
H2373	1290809	MESO	NA
H2461	1290810	MESO	NA
H2591	1240131	MESO	NA
H2595	1240132	MESO	NA
H2722	1290812	MESO	NA
H2731	1240134	MESO	NA
H2795	1290813	MESO	NA
H2803	1240135	MESO	NA
H2804	1240136	MESO	NA
H2810	1240137	MESO	NA
H2818	1290814	MESO	NA
H2869	1240138	MESO	NA
H290	1240139	MESO	NA
H513	1240141	MESO	NA
IST-MES1	907173	MESO	ISTMES1_PLEURA
MPP-89	908150	MESO	MPP89_PLEURA
MSTO-211H	908152	MESO	MSTO211H_PLEURA
NCI-H2052	688058	MESO	NCIH2052_PLEURA
NCI-H2452	908462	MESO	NCIH2452_PLEURA
NCI-H28	908470	MESO	NCIH28_PLEURA
42-MG-BA	687561	GBM	42MGBA_CENTRAL_NERVOUS_SYSTEM
8-MG-BA	687562	GBM	8MGBA_CENTRAL_NERVOUS_SYSTEM
A172	687563	GBM	A172_CENTRAL_NERVOUS_SYSTEM
AM-38	910933	GBM	N/A
Becker	906746	GBM	N/A
CAS-1	910943	GBM	CAS1_CENTRAL_NERVOUS_SYSTEM
CCF-STTG1	906823	GBM	N/A
D-247MG	946367	GBM	NA
D-263MG	946368	GBM	NA
D-336MG	946369	LGG	NA
D-392MG	946370	GBM	NA
D-502MG	946373	LGG	NA
D-542MG	753549	GBM	NA
D-566MG	946377	GBM	NA
DBTRG-05MG	906835	GBM	DBTRG05MG_CENTRAL_NERVOUS_SYSTEM
DK-MG	906839	GBM	DKMG_CENTRAL_NERVOUS_SYSTEM
GAMG	906868	LGG	GAMG_CENTRAL_NERVOUS_SYSTEM
GB-1	687568	GBM	GB1_CENTRAL_NERVOUS_SYSTEM
GI-1	906871	LGG	GI1_CENTRAL_NERVOUS_SYSTEM
GMS-10	906873	GBM	GMS10_CENTRAL_NERVOUS_SYSTEM
H4	907042	LGG	H4_CENTRAL_NERVOUS_SYSTEM
Hs683	1240150	LGG	HS683_CENTRAL_NERVOUS_SYSTEM
KALS-1	907271	LGG	KALS1_CENTRAL_NERVOUS_SYSTEM
KINGS-1	907279	LGG	NA
KNS-42	907282	LGG	KNS42_CENTRAL_NERVOUS_SYSTEM
KNS-81-FD	924188	LGG	KNS81_CENTRAL_NERVOUS_SYSTEM
KS-1	907313	GBM	NA
LN-18	1240168	GBM	LN18_CENTRAL_NERVOUS_SYSTEM
LN-229	1240169	GBM	LN229_CENTRAL_NERVOUS_SYSTEM
LN-405	910694	GBM	NA
LNZTA3WT4	1240170	GBM	NA
M059J	949094	GBM	M059J_CENTRAL_NERVOUS_SYSTEM
MOG-G-CCM	908144	LGG	MOGGCCM_CENTRAL_NERVOUS_SYSTEM
MOG-G-UVW	908145	LGG	NA
NMC-G1	908449	LGG	N/A
no-10	908452	LGG	NA
no-11	908450	LGG	NA
SF126	909712	GBM	SF126_CENTRAL_NERVOUS_SYSTEM
SF268	905986	GBM	N/A
SF295	905985	GBM	SF295_CENTRAL_NERVOUS_SYSTEM
SF539	905984	LGG	N/A
SK-MG-1	909729	GBM	NA
SNB75	905982	GBM	N/A
SW1088	909745	GBM	SW1088_CENTRAL_NERVOUS_SYSTEM
SW1783	909750	LGG	N/A
T98G	687586	GBM	T98G_CENTRAL_NERVOUS_SYSTEM
U-118-MG	687588	GBM	U118MG_CENTRAL_NERVOUS_SYSTEM
U251	905983	GBM	N/A
U-87-MG	687590	GBM	U87MG_CENTRAL_NERVOUS_SYSTEM
YH-13	909905	GBM	N/A
YKG-1	687592	GBM	YKG1_CENTRAL_NERVOUS_SYSTEM
D-283MED	906834	MB	N/A
Daoy	906833	MB	DAOY_CENTRAL_NERVOUS_SYSTEM
ONS-76	909248	MB	ONS76_CENTRAL_NERVOUS_SYSTEM
PFSK-1	683667	MB	NA
BE2-M17	753616	NB	NA
CHP-126	910567	NB	NA
CHP-134	910941	NB	NA
CHP-212	906820	NB	CHP212_AUTONOMIC_GANGLIA
GI-ME-N	906872	NB	NA
GOTO	906875	NB	NA
IMR-5	907170	NB	NA
KELLY	753618	NB	KELLY_AUTONOMIC_GANGLIA
KP-N-YN	907314	NB	N/A
LAN-6	949170	NB	NA
MHH-NB-11	908135	NB	N/A
NB(TU)1-10	1240181	NB	NA
NB1	949179	NB	N/A
NB10	949171	NB	NA
NB12	949172	NB	NA
NB13	949177	NB	NA
NB14	949178	NB	NA
NB17	949175	NB	NA
NB5	949176	NB	NA
NB6	949173	NB	NA
NB69	908440	NB	NA
NB7	949174	NB	NA
NH-12	908447	NB	NA
SIMA	753620	NB	SIMA_AUTONOMIC_GANGLIA
SK-N-AS	724828	NB	SKNAS_AUTONOMIC_GANGLIA
SK-N-DZ	688086	NB	SKNDZ_AUTONOMIC_GANGLIA
SK-N-FI	688087	NB	SKNFI_AUTONOMIC_GANGLIA
SK-N-SH	717431	NB	SKNSH_AUTONOMIC_GANGLIA
TGW	910780	NB	NA
AsPC-1	910702	PAAD	ASPC1_PANCREAS
BxPC-3	906693	PAAD	BXPC3_PANCREAS
CAPAN-1	753624	PAAD	N/A
Capan-2	910915	PAAD	CAPAN2_PANCREAS
CFPAC-1	906821	PAAD	N/A
DAN-G	1290797	PAAD	N/A
HPAC	1298136	PAAD	HPAC_PANCREAS
HPAF-II	724869	PAAD	HPAFII_PANCREAS
Hs766T	1298141	PAAD	HS766T_PANCREAS
HuP-T3	907285	PAAD	HUPT3_PANCREAS
HuP-T4	907286	PAAD	HUPT4_PANCREAS
KP-1N	1298216	PAAD	KP1N_PANCREAS
KP-3	1298219	UNABLE TO CLASSIFY	KP3_PANCREAS
KP-4	753572	PAAD	KP4_PANCREAS
MIA-PaCa-2	724870	PAAD	MIAPACA2_PANCREAS
MZ1-PC	753595	PAAD	NA
PANC-02-03	1298475	PAAD	PANC0203_PANCREAS
PANC-03-27	925346	PAAD	PANC0327_PANCREAS
PANC-04-03	1298476	PAAD	PANC0403_PANCREAS
PANC-08-13	925347	PAAD	N/A
PANC-10-05	925348	PAAD	PANC1005_PANCREAS
PA-TU-8902	1298526	PAAD	PATU8902_PANCREAS
PA-TU-8988T	1240201	PAAD	N/A
PL18	1240208	PAAD	NA
PL4	1298533	PAAD	PL45_PANCREAS
PSN1	910546	PAAD	PSN1_PANCREAS
QGP-1	1298534	NA	QGP1_PANCREAS
SU8686	1240218	PAAD	SU8686_PANCREAS
SUIT-2	1240219	PAAD	SUIT2_PANCREAS
SW1990	910907	PAAD	SW1990_PANCREAS
YAPC	909904	PAAD	N/A
451Lu	1287706	SKCM	NA
A101D	910921	SKCM	N/A
A2058	906792	SKCM	A2058_SKIN
A375	906793	SKCM	A375_SKIN
C32	906830	SKCM	C32_SKIN
CHL-1	910853	SKCM	CHL1_SKIN
COLO-679	906818	SKCM	COLO679_SKIN
COLO-792	906814	SKCM	N/A
COLO-800	906813	SKCM	N/A
COLO-829	687448	SKCM	N/A
CP50-MEL-B	753545	SKCM	NA
CP66-MEL	753546	SKCM	NA
G-361	906865	SKCM	G361_SKIN
GAK	910932	SKCM	NA
G-MEL	1240130	SKCM	NA
HMV-II	907058	SKCM	NA
Hs940-T	1298145	SKCM	N/A
HT-144	907067	SKCM	HT144_SKIN
IGR-1	907169	SKCM	N/A
IGR-37	1240153	SKCM	IGR37_SKIN
IPC-298	907171	SKCM	IPC298_SKIN
IST-MEL1	907172	SKCM	NA
LB2518-MEL	753579	SKCM	NA
LB373-MEL-D	753581	SKCM	NA
LOXIMVI	905974	SKCM	LOXIMVI_SKIN
M14	905975	SKCM	NA
MEL-HO	908124	SKCM	MELHO_SKIN
MEL-JUSO	908125	SKCM	N/A
Mewo	908128	SKCM	MEWO_SKIN
MMAC-SF	925339	SKCM	NA
MZ2-MEL	971777	SKCM	NA
MZ7-mel	753596	SKCM	NA
RPMI-7951	910903	SKCM	RPMI7951_SKIN
RVH-421	909706	SKCM	RVH421_SKIN
SH-4	909713	SKCM	N/A
SK-MEL-1	909723	SKCM	NA
SK-MEL-2	905955	SKCM	SKMEL2_SKIN
SK-MEL-24	909725	SKCM	SKMEL24_SKIN
SK-MEL-28	905954	SKCM	N/A
SK-MEL-3	909724	SKCM	N/A
SK-MEL-30	909726	SKCM	SKMEL30_SKIN
SK-MEL-31	909727	SKCM	SKMEL31_SKIN
SK-MEL-5	905956	SKCM	SKMEL5_SKIN
UACC-257	905977	SKCM	UACC257_SKIN
UACC-62	905976	SKCM	UACC62_SKIN
WM-115	909784	SKCM	WM115_SKIN
WM1552C	1299078	SKCM	NA
WM278	1240226	SKCM	NA
WM35	1299080	SKCM	NA
WM793B	1299081	SKCM	WM793_SKIN
A388	910697	NA	NA
A431	910925	NA	NA
DJM-1	906841	NA	NA
HT-1080	907064	NA	HT1080_SOFT_TISSUE
SW684	909754	NA	NA
A204	910784	NA	A204_SOFT_TISSUE
A673	684052	NA	A673_BONE
KYM-1	1240166	NA	KYM1_SOFT_TISSUE
RD	909264	NA	RD_SOFT_TISSUE
RH-1	971773	NA	NA
RH-18	971774	NA	N/A
RH-41	1240210	NA	N/A
SJRH30	909716	NA	SJRH30_SOFT_TISSUE
TE-441-T	924248	NA	N/A
G-402	907298	NA	G402_SOFT_TISSUE
GCT	906999	NA	GCT_SOFT_TISSUE
MFH-ino	925343	NA	NA
SK-LMS-1	909720	NA	SKLMS1_SOFT_TISSUE
SK-UT-1	909732	NA	N/A
SW872	909756	NA	NA
SW982	909759	NA	NA
VA-ES-BJ	688121	NA	NA
8305C	906795	THCA	8305C_THYROID
8505C	924102	THCA	8505C_THYROID
ASH-3	1290722	THCA	NA
BCPAP	924104	THCA	BCPAP_THYROID
BHT-101	906696	THCA	N/A
CAL-62	906828	THCA	N/A
CGTH-W-1	910568	THCA	N/A
FTC-133	906864	THCA	N/A
HTC-C3	924151	THCA	NA
IHH-4	1240154	THCA	NA
K5	924238	THCA	NA
ML-1	1240178	THCA	N/A
RO82-W-1	930083	THCA	NA
TT	930299	THCA	N/A
TT2609-C02	1240223	THCA	TT2609C02_THYROID
5637	687452	BLCA	5637_URINARY_TRACT
639-V	906798	BLCA	639V_URINARY_TRACT
647-V	906797	BLCA	N/A
BFTC-905	910926	BLCA	N/A
CAL-29	1290730	BLCA	N/A
DSH1	753552	BLCA	NA
HT-1197	907065	BLCA	HT1197_URINARY_TRACT
HT-1376	907066	BLCA	HT1376_URINARY_TRACT
J82	753566	BLCA	J82_URINARY_TRACT
KU-19-19	907312	BLCA	N/A
LB831-BLC	753584	BLCA	NA
RT-112	909704	BLCA	RT112_URINARY_TRACT
RT4	687455	BLCA	RT4_URINARY_TRACT
SW1710	909749	BLCA	N/A
SW780	687457	BLCA	SW780_URINARY_TRACT
T-24	724812	BLCA	T24_URINARY_TRACT
TCCSUP	687459	BLCA	TCCSUP_URINARY_TRACT
UM-UC-3	724838	BLCA	UMUC3_URINARY_TRACT
VM-CUB-1	909780	BLCA	N/A
C-33-A	687505	CESC	NA
C-4-I	687506	CESC	NA
CAL-39	924107	CESC	NA
Ca-Ski	906824	CESC	NA
DoTc2-4510	906843	CESC	NA
HeLa	1298134	CESC	N/A
HT-3	907068	CESC	NA
ME-180	687514	CESC	NA
MS751	1240179	CESC	NA
SiHa	930297	CESC	NA
SISO	1240212	CESC	NA
SKG-IIIa	930298	CESC	NA
SW756	724839	CESC	NA
TC-YIK	946357	NA	NA
AN3-CA	910781	UCEC	AN3CA_ENDOMETRIUM
COLO-684	910691	UCEC	NA
EN	1240127	UCEC	EN_ENDOMETRIUM
ESS-1	907000	NA	ESS1_ENDOMETRIUM
HEC-1	907051	UCEC	NA
KLE	924187	UCEC	KLE_ENDOMETRIUM
MFE-280	908129	UCEC	MFE280_ENDOMETRIUM
MFE-296	908130	UCEC	MFE296_ENDOMETRIUM
MFE-319	1240174	UCEC	MFE319_ENDOMETRIUM
SNG-M	909735	UCEC	SNGM_ENDOMETRIUM
A2780	906804	UNABLE TO CLASSIFY	A2780_OVARY
Caov-4	949090	OV	NA
EFO-21	911905	OV	EFO21_OVARY
EFO-27	906852	NA	EFO27_OVARY
ES-2	1240128	NA	ES2_OVARY
FU-OV-1	1240129	OV	FUOV1_OVARY
IGROV-1	905968	OV	IGROV1_OVARY
JHOS-2	1479995	OV	JHOS2_OVARY
JHOS-3	1480358	OV	NA
JHOS-4	1480359	OV	JHOS4_OVARY
KGN	924186	NA	NA
KURAMOCHI	909975	UNABLE TO CLASSIFY	KURAMOCHI_OVARY
OAW-28	946360	OV	N/A
OAW-42	910548	OV	N/A
OC-314	909257	OV	OC314_OVARY
OV-17R	1480361	OV	NA
OV-56	1480362	OV	N/A
OV-7	1480360	OV	N/A
OV-90	1240197	OV	OV90_OVARY
OVCA420	1480364	OV	NA
OVCAR-3	905933	OV	NIHOVCAR3_OVARY
OVCAR-4	905990	OV	OVCAR4_OVARY
OVCAR-5	905969	OV	N/A
OVCAR-8	905991	OV	OVCAR8_OVARY
OVISE	1240198	OV	N/A
OVK-18	1480371	OV	N/A
OVKATE	1240199	OV	N/A
OVMIU	1240200	OV	NA
OVTOKO	1298365	OV	OVTOKO_OVARY
PA-1	909255	NA	NA
PEO1	1480372	OV	NA
RKN	1298539	NA	RKN_OVARY
RMG-I	909699	NA	N/A
SK-OV-3	905959	OV	SKOV3_OVARY
SW626	909753	OV	NA
TOV-112D	1299070	OV	TOV112D_OVARY
TOV-21G	1240222	OV	TOV21G_OVARY
TYK-nu	909774	UNABLE TO CLASSIFY	TYKNU_OVARY
UWB1.289	1480374	OV	NA
22RV1	924100	PRAD	22RV1_PROSTATE
BPH-1	924105	NA	NA
DU-145	905935	PRAD	DU145_PROSTATE
LNCaP-Clone-FGC	907788	PRAD	N/A
PC-3	905934	PRAD	PC3_PROSTATE
PWR-1E	1330993	PRAD	NA
VCaP	1299075	PRAD	N/A
NCCIT	908441	NA	NA
NEC8	910942	NA	NA
NTERA-2 cl.D1	908454	NA	NA
JAR	907175	NA	NA
JEG-3	907176	NA	NA
SW954	924247	NA	NA
SW962	909758	NA	NA
MES-SA	908127	NA	MESSA_SOFT_TISSUE
SKN	1240215	NA	SKNBE2_AUTONOMIC_GANGLIA
DMS-79	753551	SCLC	NA
CMK	910566	LAML	CMK86_HAEMATOPOIETIC_AND_LYMPHOID_TISSUE
NB-4	1323913	LAML	NA
MHH-CALL-4	908133	NA	NA
BC-3	910918	DLBC	NA
HT	907063	DLBC	HT_HAEMATOPOIETIC_AND_LYMPHOID_TISSUE
JM1	1327768	DLBC	JM1_HAEMATOPOIETIC_AND_LYMPHOID_TISSUE
BONNA-12	906695	NA	NA
ES6	949157	NA	NA
MHH-ES-1	908134	NA	MHHES1_BONE
DIFI	1789883	COAD/READ	NA
NCI-H508	908442	COAD/READ	N/A
SNU-283	1659929	COAD/READ	NA
SW620	905962	COAD/READ	SW620_LARGE_INTESTINE
JHH-2	1240157	LIHC	JHH2_LIVER
JHH-4	1240158	LIHC	JHH4_LIVER
RCC-JF	1524415	KIRC	NA
SW156	1240220	KIRC	NA
HOP-62	905972	LUAD	N/A
NCI-H1437	687794	LUAD	NA
PC-3 [JPC-3]	1240202	LUAD	NA
NCI-H740	1331055	SCLC	NA
COR-L95	1297439	SCLC	N/A
HCC-33	1303901	SCLC	N/A
NCI-H128	753597	SCLC	NA
NCI-H1304	753599	SCLC	NA
NCI-H2081	908480	SCLC	NA
NCI-H2171	688015	SCLC	NA
SHP-77	724872	SCLC	SHP77_LUNG
SW1271	1299062	SCLC	SW1271_LUNG
D-423MG	946372	GBM	NA
KP-N-RT-BM-1	924189	NB	NA
KP-N-YS	946363	NB	NA
MC-IXC	908118	NB	NA
COLO-783	1240125	SKCM	N/A
CP67-MEL	949092	SKCM	NA
Hs633T	1240149	NA	NA
KMH-2	1298167	THCA	NA
OMC-1	949154	CESC	NA
RL95-2	930082	NA	RL952_ENDOMETRIUM
Caov-3	906825	OV	N/A
DOV13	1479987	OV	DOV13_OVARY
Hey	1479988	OV	HEYA8_OVARY
NCI-H660	1330975	NA	NA
JHU-029	1298156	HNSC	NA
SCC90	1299052	HNSC	NA
MOLM-16	1330948	LAML	NA
OCI-LY7	1659819	DLBC	NA
KMS-11	1659817	MM	KMS11_HAEMATOPOIETIC_AND_LYMPHOID_TISSUE
CHSA0011	1290767	NA	NA
CHSA0108	1290768	NA	NA
JIMT-1	1298157	BRCA	N/A
CL-34	1290771	COAD/READ	N/A
VMRC-LCD	713869	LUAD	VMRCLCD_LUNG
K2	1298160	SKCM	NA
STS-0421	1299061	NA	NA
MY-M12	1330960	ALL	NA
TALL-1	909762	ALL	NA
NK-92MI	1330981	NA	NA
MDA-MB-175-VII	908120	BRCA	MDAMB175VII_BREAST
YMB-1-E	1303911	BRCA	NA
VMRC-RCW	1240224	KIRC	VMRCRCW_KIDNEY
NCI-H460	905943	NA	NCIH460_LUNG
RERF-LC-FM	930081	SCLC	NA
D-245MG	946366	GBM	NA
Hs939-T	1298144	SKCM	HS939T_SKIN
VMRC-MELG	930301	SKCM	NA
OVCA433	1480367	OV	NA
TMK-1	1299069	STAD	NA
KP-2	1298218	PAAD	KP2_PANCREAS
KO52	1330932	LAML	NA
SC-1	1331030	DLBC	NA
U-CH2	1503373	NA	NA
TOTAL:	NA	NA	NA
